{"x_div_y": {"means": {"final_train_loss_mean": 0.004911113608007629, "final_val_loss_mean": 0.005732573956872026, "final_train_acc_mean": 1.0, "final_val_acc_mean": 1.0, "step_val_acc_99_mean": 4103.333333333333}, "stderrs": {"final_train_loss_stderr": 0.0005630258386066616, "final_val_loss_stderr": 0.0007227901591587586, "final_train_acc_stderr": 0.0, "final_val_acc_stderr": 0.0, "step_val_acc_99_stderr": 40.12326685615064}, "final_info_dict": {"final_train_loss": [0.006611266173422337, 0.005514166783541441, 0.0026079078670591116], "final_val_loss": [0.007921343669295311, 0.006498218979686499, 0.0027781592216342688], "final_train_acc": [1.0, 1.0, 1.0], "final_val_acc": [1.0, 1.0, 1.0], "step_val_acc_99": [3990, 4270, 4050]}}, "x_minus_y": {"means": {"final_train_loss_mean": 0.006770903244614601, "final_val_loss_mean": 0.008935774676501751, "final_train_acc_mean": 1.0, "final_val_acc_mean": 0.9998372395833334, "step_val_acc_99_mean": 4396.666666666667}, "stderrs": {"final_train_loss_stderr": 0.0005274200630937074, "final_val_loss_stderr": 0.001006701669666868, "final_train_acc_stderr": 0.0, "final_val_acc_stderr": 7.672599622249864e-05, "step_val_acc_99_stderr": 94.05803304474803}, "final_info_dict": {"final_train_loss": [0.006241924595087767, 0.005152454134076834, 0.008918331004679203], "final_val_loss": [0.006964525207877159, 0.006640060804784298, 0.013202738016843796], "final_train_acc": [1.0, 1.0, 1.0], "final_val_acc": [1.0, 1.0, 0.99951171875], "step_val_acc_99": [4420, 4730, 4040]}}, "x_plus_y": {"means": {"final_train_loss_mean": 0.5805853426766893, "final_val_loss_mean": 0.16944743149603406, "final_train_acc_mean": 0.8781901001930237, "final_val_acc_mean": 0.9796549479166666, "step_val_acc_99_mean": 2693.3333333333335}, "stderrs": {"final_train_loss_stderr": 0.2703018954541667, "final_val_loss_stderr": 0.07609695062778114, "final_train_acc_stderr": 0.05742173744611125, "final_val_acc_stderr": 0.009590749527812331, "step_val_acc_99_stderr": 49.615807915035795}, "final_info_dict": {"final_train_loss": [0.005181813146919012, 0.009197396226227283, 1.7273768186569214], "final_val_loss": [0.005832713562995195, 0.010220067575573921, 0.4922895133495331], "final_train_acc": [1.0, 1.0, 0.634570300579071], "final_val_acc": [1.0, 1.0, 0.93896484375], "step_val_acc_99": [2890, 2530, 2660]}}, "permutation": {"means": {"final_train_loss_mean": 0.09997745168705781, "final_val_loss_mean": 7.539743582407634, "final_train_acc_mean": 0.9866536657015482, "final_val_acc_mean": 0.017578125, "step_val_acc_99_mean": 7500.0}, "stderrs": {"final_train_loss_stderr": 0.027145638931604155, "final_val_loss_stderr": 0.11845484956949633, "final_train_acc_stderr": 0.00508544591486443, "final_val_acc_stderr": 0.0015710104422276758, "step_val_acc_99_stderr": 0.0}, "final_info_dict": {"final_train_loss": [0.20933370292186737, 0.07658614218235016, 0.01401250995695591], "final_val_loss": [7.157323360443115, 7.4485673904418945, 8.01333999633789], "final_train_acc": [0.9652343988418579, 0.9951171875, 0.9996094107627869], "final_val_acc": [0.018310546875, 0.02294921875, 0.011474609375], "step_val_acc_99": [7500, 7500, 7500]}}}