{"final_train_loss": 0.005514166783541441, "final_val_loss": 0.006498218979686499, "final_train_acc": 1.0, "final_val_acc": 1.0, "step_val_acc_99": 4270}