{"final_train_loss": 0.0026079078670591116, "final_val_loss": 0.0027781592216342688, "final_train_acc": 1.0, "final_val_acc": 1.0, "step_val_acc_99": 4050}