{"final_train_loss": 0.008918331004679203, "final_val_loss": 0.013202738016843796, "final_train_acc": 1.0, "final_val_acc": 0.99951171875, "step_val_acc_99": 4040}