{"final_train_loss": 0.07658614218235016, "final_val_loss": 7.4485673904418945, "final_train_acc": 0.9951171875, "final_val_acc": 0.02294921875, "step_val_acc_99": 7500}