{"final_train_loss": 1.7273768186569214, "final_val_loss": 0.4922895133495331, "final_train_acc": 0.634570300579071, "final_val_acc": 0.93896484375, "step_val_acc_99": 2660}