{"final_train_loss": 0.005152454134076834, "final_val_loss": 0.006640060804784298, "final_train_acc": 1.0, "final_val_acc": 1.0, "step_val_acc_99": 4730}