{"final_train_loss": 0.005181813146919012, "final_val_loss": 0.005832713562995195, "final_train_acc": 1.0, "final_val_acc": 1.0, "step_val_acc_99": 2890}