{"final_train_loss": 0.009197396226227283, "final_val_loss": 0.010220067575573921, "final_train_acc": 1.0, "final_val_acc": 1.0, "step_val_acc_99": 2530}