{"final_train_loss": 0.01401250995695591, "final_val_loss": 8.01333999633789, "final_train_acc": 0.9996094107627869, "final_val_acc": 0.011474609375, "step_val_acc_99": 7500}