{"final_train_loss": 0.20933370292186737, "final_val_loss": 7.157323360443115, "final_train_acc": 0.9652343988418579, "final_val_acc": 0.018310546875, "step_val_acc_99": 7500}