{"final_train_loss": 0.006241924595087767, "final_val_loss": 0.006964525207877159, "final_train_acc": 1.0, "final_val_acc": 1.0, "step_val_acc_99": 4420}