{"final_train_loss": 0.007176257204264402, "final_val_loss": 0.008193936198949814, "final_train_acc": 1.0, "final_val_acc": 1.0, "step_val_acc_99": 3800}