{"final_train_loss": 0.007699417416006327, "final_val_loss": 7.562439918518066, "final_train_acc": 1.0, "final_val_acc": 0.017578125, "step_val_acc_99": 7500}