{"final_train_loss": 0.005207444541156292, "final_val_loss": 0.006314979400485754, "final_train_acc": 1.0, "final_val_acc": 1.0, "step_val_acc_99": 4640}