{"final_train_loss": 0.00920190941542387, "final_val_loss": 0.011590886861085892, "final_train_acc": 1.0, "final_val_acc": 1.0, "step_val_acc_99": 3860}