{"final_train_loss": 0.0190507173538208, "final_val_loss": 0.017320837825536728, "final_train_acc": 1.0, "final_val_acc": 1.0, "step_val_acc_99": 2270}