{"x_div_y": {"means": {"final_train_loss_mean": 0.03674137375007073, "final_val_loss_mean": 0.023292578135927517, "final_train_acc_mean": 0.998046875, "final_val_acc_mean": 1.0, "step_val_acc_99_mean": 4000.0}, "stderrs": {"final_train_loss_stderr": 0.014344942210125196, "final_val_loss_stderr": 0.007372454924709609, "final_train_acc_stderr": 0.0009207119546699839, "final_val_acc_stderr": 0.0, "step_val_acc_99_stderr": 236.09477067639753}, "final_info_dict": {"final_train_loss": [0.0054541765712201595, 0.007176257204264402, 0.09759368747472763], "final_val_loss": [0.007118703797459602, 0.008193936198949814, 0.05456509441137314], "final_train_acc": [1.0, 1.0, 0.994140625], "final_val_acc": [1.0, 1.0, 1.0], "step_val_acc_99": [4950, 3800, 3250]}}, "x_minus_y": {"means": {"final_train_loss_mean": 0.00701863303159674, "final_val_loss_mean": 0.008804176778843006, "final_train_acc_mean": 1.0, "final_val_acc_mean": 1.0, "step_val_acc_99_mean": 4393.333333333333}, "stderrs": {"final_train_loss_stderr": 0.0005506073722611932, "final_val_loss_stderr": 0.0007213765257110651, "final_train_acc_stderr": 0.0, "final_val_acc_stderr": 0.0, "step_val_acc_99_stderr": 125.82566815015171}, "final_info_dict": {"final_train_loss": [0.00920190941542387, 0.005207444541156292, 0.006646545138210058], "final_val_loss": [0.011590886861085892, 0.006314979400485754, 0.00850666407495737], "final_train_acc": [1.0, 1.0, 1.0], "final_val_acc": [1.0, 1.0, 1.0], "step_val_acc_99": [3860, 4640, 4680]}}, "x_plus_y": {"means": {"final_train_loss_mean": 0.009118850498149792, "final_val_loss_mean": 0.008763078056896726, "final_train_acc_mean": 1.0, "final_val_acc_mean": 1.0, "step_val_acc_99_mean": 2460.0}, "stderrs": {"final_train_loss_stderr": 0.0023619246808374785, "final_val_loss_stderr": 0.0020565169837013747, "final_train_acc_stderr": 0.0, "final_val_acc_stderr": 0.0, "step_val_acc_99_stderr": 162.77682972799383}, "final_info_dict": {"final_train_loss": [0.005306522827595472, 0.002999311313033104, 0.0190507173538208], "final_val_loss": [0.0059568146243691444, 0.0030115817207843065, 0.017320837825536728], "final_train_acc": [1.0, 1.0, 1.0], "final_val_acc": [1.0, 1.0, 1.0], "step_val_acc_99": [3130, 1980, 2270]}}, "permutation": {"means": {"final_train_loss_mean": 0.11639566269392769, "final_val_loss_mean": 7.790573438008626, "final_train_acc_mean": 0.976757804552714, "final_val_acc_mean": 0.013834635416666666, "step_val_acc_99_mean": 7500.0}, "stderrs": {"final_train_loss_stderr": 0.05021653617343148, "final_val_loss_stderr": 0.08492102638762282, "final_train_acc_stderr": 0.010910469977175192, "final_val_acc_stderr": 0.0008923005752711874, "step_val_acc_99_stderr": 0.0}, "final_info_dict": {"final_train_loss": [0.007699417416006327, 0.012056036852300167, 0.32943153381347656], "final_val_loss": [7.562439918518066, 7.663139343261719, 8.146141052246094], "final_train_acc": [1.0, 0.999804675579071, 0.930468738079071], "final_val_acc": [0.017578125, 0.012451171875, 0.011474609375], "step_val_acc_99": [7500, 7500, 7500]}}}