{"final_train_loss": 0.002999311313033104, "final_val_loss": 0.0030115817207843065, "final_train_acc": 1.0, "final_val_acc": 1.0, "step_val_acc_99": 1980}