{"final_train_loss": 0.005306522827595472, "final_val_loss": 0.0059568146243691444, "final_train_acc": 1.0, "final_val_acc": 1.0, "step_val_acc_99": 3130}