{"final_train_loss": 0.012056036852300167, "final_val_loss": 7.663139343261719, "final_train_acc": 0.999804675579071, "final_val_acc": 0.012451171875, "step_val_acc_99": 7500}