{"final_train_loss": 0.09759368747472763, "final_val_loss": 0.05456509441137314, "final_train_acc": 0.994140625, "final_val_acc": 1.0, "step_val_acc_99": 3250}