{"final_train_loss": 0.32943153381347656, "final_val_loss": 8.146141052246094, "final_train_acc": 0.930468738079071, "final_val_acc": 0.011474609375, "step_val_acc_99": 7500}