{"final_train_loss": 0.0054541765712201595, "final_val_loss": 0.007118703797459602, "final_train_acc": 1.0, "final_val_acc": 1.0, "step_val_acc_99": 4950}