{"final_train_loss": 0.006717275362461805, "final_val_loss": 0.14530333876609802, "final_train_acc": 1.0, "final_val_acc": 0.984375, "step_val_acc_99": 7500}