{"final_train_loss": 0.007602381985634565, "final_val_loss": 0.008590195327997208, "final_train_acc": 1.0, "final_val_acc": 1.0, "step_val_acc_99": 2910}