{"final_train_loss": 0.08457503467798233, "final_val_loss": 8.352850914001465, "final_train_acc": 0.994921863079071, "final_val_acc": 0.007080078125, "step_val_acc_99": 7500}