{"final_train_loss": 0.028923852369189262, "final_val_loss": 0.030500460416078568, "final_train_acc": 1.0, "final_val_acc": 0.999755859375, "step_val_acc_99": 3970}