{"final_train_loss": 0.0038681309670209885, "final_val_loss": 0.004098441917449236, "final_train_acc": 1.0, "final_val_acc": 1.0, "step_val_acc_99": 3060}