{"final_train_loss": 1.8484524488449097, "final_val_loss": 0.8113670349121094, "final_train_acc": 0.589648425579071, "final_val_acc": 0.849609375, "step_val_acc_99": 4630}