{"final_train_loss": 1.7270758152008057, "final_val_loss": 2.159301280975342, "final_train_acc": 0.62890625, "final_val_acc": 0.53564453125, "step_val_acc_99": 3560}