{"final_train_loss": 0.0051061660051345825, "final_val_loss": 0.005641162861138582, "final_train_acc": 1.0, "final_val_acc": 1.0, "step_val_acc_99": 2200}