{"final_train_loss": 0.0046257940120995045, "final_val_loss": 0.005496525205671787, "final_train_acc": 1.0, "final_val_acc": 1.0, "step_val_acc_99": 4580}