{"final_train_loss": 0.0033038873225450516, "final_val_loss": 0.0036813162732869387, "final_train_acc": 1.0, "final_val_acc": 1.0, "step_val_acc_99": 4000}