{"x_div_y": {"means": {"final_train_loss_mean": 0.5789114606256286, "final_val_loss_mean": 0.7235739945899695, "final_train_acc_mean": 0.8763020833333334, "final_val_acc_mean": 0.84521484375, "step_val_acc_99_mean": 3806.6666666666665}, "stderrs": {"final_train_loss_stderr": 0.27062525212316085, "final_val_loss_stderr": 0.33840461730029664, "final_train_acc_stderr": 0.05831175712909897, "final_val_acc_stderr": 0.07296642240759621, "step_val_acc_99_stderr": 61.18177732416091}, "final_info_dict": {"final_train_loss": [0.006354679353535175, 1.7270758152008057, 0.0033038873225450516], "final_val_loss": [0.007739386521279812, 2.159301280975342, 0.0036813162732869387], "final_train_acc": [1.0, 0.62890625, 1.0], "final_val_acc": [1.0, 0.53564453125, 1.0], "step_val_acc_99": [3860, 3560, 4000]}}, "x_minus_y": {"means": {"final_train_loss_mean": 0.6273340317420661, "final_val_loss_mean": 0.28245467351128656, "final_train_acc_mean": 0.8632161418596903, "final_val_acc_mean": 0.9497884114583334, "step_val_acc_99_mean": 4393.333333333333}, "stderrs": {"final_train_loss_stderr": 0.2878393636826697, "final_val_loss_stderr": 0.12471226549495844, "final_train_acc_stderr": 0.06448052909858114, "final_val_acc_stderr": 0.023612448710531916, "step_val_acc_99_stderr": 100.01234491702746}, "final_info_dict": {"final_train_loss": [1.8484524488449097, 0.0046257940120995045, 0.028923852369189262], "final_val_loss": [0.8113670349121094, 0.005496525205671787, 0.030500460416078568], "final_train_acc": [0.589648425579071, 1.0, 1.0], "final_val_acc": [0.849609375, 1.0, 0.999755859375], "step_val_acc_99": [4630, 4580, 3970]}}, "x_plus_y": {"means": {"final_train_loss_mean": 0.005525559652596712, "final_val_loss_mean": 0.006109933368861675, "final_train_acc_mean": 1.0, "final_val_acc_mean": 1.0, "step_val_acc_99_mean": 2723.3333333333335}, "stderrs": {"final_train_loss_stderr": 0.0005176925972723385, "final_val_loss_stderr": 0.0006211561214246984, "final_train_acc_stderr": 0.0, "final_val_acc_stderr": 0.0, "step_val_acc_99_stderr": 125.02839183734268}, "final_info_dict": {"final_train_loss": [0.0038681309670209885, 0.007602381985634565, 0.0051061660051345825], "final_val_loss": [0.004098441917449236, 0.008590195327997208, 0.005641162861138582], "final_train_acc": [1.0, 1.0, 1.0], "final_val_acc": [1.0, 1.0, 1.0], "step_val_acc_99": [3060, 2910, 2200]}}, "permutation": {"means": {"final_train_loss_mean": 0.031731889971221484, "final_val_loss_mean": 2.8378038378432393, "final_train_acc_mean": 0.9983072876930237, "final_val_acc_mean": 0.663818359375, "step_val_acc_99_mean": 7360.0}, "stderrs": {"final_train_loss_stderr": 0.012461133611620538, "final_val_loss_stderr": 1.3000295205987837, "final_train_acc_stderr": 0.000797952233907253, "final_val_acc_stderr": 0.15480930029978054, "step_val_acc_99_stderr": 65.99663291074444}, "final_info_dict": {"final_train_loss": [0.0039033598732203245, 0.08457503467798233, 0.006717275362461805], "final_val_loss": [0.015257260762155056, 8.352850914001465, 0.14530333876609802], "final_train_acc": [1.0, 0.994921863079071, 1.0], "final_val_acc": [1.0, 0.007080078125, 0.984375], "step_val_acc_99": [7080, 7500, 7500]}}}