{"x_div_y": {"means": {"final_train_loss_mean": 0.00411759433336556, "final_val_loss_mean": 0.005232954475407799, "final_train_acc_mean": 1.0, "final_val_acc_mean": 1.0, "step_val_acc_99_mean": 4396.666666666667}, "stderrs": {"final_train_loss_stderr": 0.000566947209300864, "final_val_loss_stderr": 0.0008574129339667603, "final_train_acc_stderr": 0.0, "final_val_acc_stderr": 0.0, "step_val_acc_99_stderr": 120.99382700303146}, "final_info_dict": {"final_train_loss": [0.00619284575805068, 0.0020267392974346876, 0.004133197944611311], "final_val_loss": [0.008542297407984734, 0.00227030529640615, 0.004886260721832514], "final_train_acc": [1.0, 1.0, 1.0], "final_val_acc": [1.0, 1.0, 1.0], "step_val_acc_99": [4910, 4140, 4140]}}, "x_minus_y": {"means": {"final_train_loss_mean": 0.011411758450170359, "final_val_loss_mean": 0.012365895789116621, "final_train_acc_mean": 1.0, "final_val_acc_mean": 1.0, "step_val_acc_99_mean": 4836.666666666667}, "stderrs": {"final_train_loss_stderr": 0.002901388973057089, "final_val_loss_stderr": 0.002939576929124677, "final_train_acc_stderr": 0.0, "final_val_acc_stderr": 0.0, "step_val_acc_99_stderr": 135.27292941345937}, "final_info_dict": {"final_train_loss": [0.004778183065354824, 0.005748538300395012, 0.023708553984761238], "final_val_loss": [0.005421933718025684, 0.00686619570478797, 0.02480955794453621], "final_train_acc": [1.0, 1.0, 1.0], "final_val_acc": [1.0, 1.0, 1.0], "step_val_acc_99": [4650, 4460, 5400]}}, "x_plus_y": {"means": {"final_train_loss_mean": 0.006484001797313492, "final_val_loss_mean": 0.00663844239898026, "final_train_acc_mean": 1.0, "final_val_acc_mean": 1.0, "step_val_acc_99_mean": 2540.0}, "stderrs": {"final_train_loss_stderr": 0.0008993056537439937, "final_val_loss_stderr": 0.0009185929515095433, "final_train_acc_stderr": 0.0, "final_val_acc_stderr": 0.0, "step_val_acc_99_stderr": 91.04333522498443}, "final_info_dict": {"final_train_loss": [0.0068032327108085155, 0.009617060422897339, 0.00303171225823462], "final_val_loss": [0.006972706876695156, 0.00983399897813797, 0.0031086213421076536], "final_train_acc": [1.0, 1.0, 1.0], "final_val_acc": [1.0, 1.0, 1.0], "step_val_acc_99": [2790, 2670, 2160]}}, "permutation": {"means": {"final_train_loss_mean": 0.03505187854170799, "final_val_loss_mean": 7.746544520060222, "final_train_acc_mean": 0.9977213541666666, "final_val_acc_mean": 0.018717447916666668, "step_val_acc_99_mean": 7500.0}, "stderrs": {"final_train_loss_stderr": 0.005678192030225366, "final_val_loss_stderr": 0.16588184643127976, "final_train_acc_stderr": 0.0007018667427120818, "final_val_acc_stderr": 0.002093157739134161, "step_val_acc_99_stderr": 0.0}, "final_info_dict": {"final_train_loss": [0.012640990316867828, 0.03860361501574516, 0.053911030292510986], "final_val_loss": [7.097908973693848, 7.8343658447265625, 8.307358741760254], "final_train_acc": [1.0, 0.998242199420929, 0.994921863079071], "final_val_acc": [0.0263671875, 0.018798828125, 0.010986328125], "step_val_acc_99": [7500, 7500, 7500]}}}