{"final_train_loss": 0.004778183065354824, "final_val_loss": 0.005421933718025684, "final_train_acc": 1.0, "final_val_acc": 1.0, "step_val_acc_99": 4650}