{"final_train_loss": 0.00303171225823462, "final_val_loss": 0.0031086213421076536, "final_train_acc": 1.0, "final_val_acc": 1.0, "step_val_acc_99": 2160}