{"final_train_loss": 0.03860361501574516, "final_val_loss": 7.8343658447265625, "final_train_acc": 0.998242199420929, "final_val_acc": 0.018798828125, "step_val_acc_99": 7500}