{"final_train_loss": 0.0020267392974346876, "final_val_loss": 0.00227030529640615, "final_train_acc": 1.0, "final_val_acc": 1.0, "step_val_acc_99": 4140}