{"final_train_loss": 0.023708553984761238, "final_val_loss": 0.02480955794453621, "final_train_acc": 1.0, "final_val_acc": 1.0, "step_val_acc_99": 5400}