{"final_train_loss": 0.0068032327108085155, "final_val_loss": 0.006972706876695156, "final_train_acc": 1.0, "final_val_acc": 1.0, "step_val_acc_99": 2790}