{"final_train_loss": 0.012640990316867828, "final_val_loss": 7.097908973693848, "final_train_acc": 1.0, "final_val_acc": 0.0263671875, "step_val_acc_99": 7500}