{"final_train_loss": 0.005748538300395012, "final_val_loss": 0.00686619570478797, "final_train_acc": 1.0, "final_val_acc": 1.0, "step_val_acc_99": 4460}