{"final_train_loss": 0.053911030292510986, "final_val_loss": 8.307358741760254, "final_train_acc": 0.994921863079071, "final_val_acc": 0.010986328125, "step_val_acc_99": 7500}