{"final_train_loss": 0.009617060422897339, "final_val_loss": 0.00983399897813797, "final_train_acc": 1.0, "final_val_acc": 1.0, "step_val_acc_99": 2670}