{"final_train_loss": 0.00619284575805068, "final_val_loss": 0.008542297407984734, "final_train_acc": 1.0, "final_val_acc": 1.0, "step_val_acc_99": 4910}