{"final_train_loss": 0.34363502264022827, "final_val_loss": 7.88918399810791, "final_train_acc": 0.935351550579071, "final_val_acc": 0.009765625, "step_val_acc_99": 7500}