{"final_train_loss": 0.0037246295250952244, "final_val_loss": 0.00397837907075882, "final_train_acc": 1.0, "final_val_acc": 1.0, "step_val_acc_99": 4100}