{"final_train_loss": 0.006210270803421736, "final_val_loss": 0.0067816562950611115, "final_train_acc": 1.0, "final_val_acc": 1.0, "step_val_acc_99": 3670}