{"final_train_loss": 0.10149472951889038, "final_val_loss": 0.06440019607543945, "final_train_acc": 0.9931640625, "final_val_acc": 0.999267578125, "step_val_acc_99": 3960}