{"final_train_loss": 2.2993123531341553, "final_val_loss": 2.215581178665161, "final_train_acc": 0.529492199420929, "final_val_acc": 0.550537109375, "step_val_acc_99": 2470}