{"final_train_loss": 0.0022133090533316135, "final_val_loss": 0.0026141840498894453, "final_train_acc": 1.0, "final_val_acc": 1.0, "step_val_acc_99": 4370}