{"final_train_loss": 0.25379395484924316, "final_val_loss": 0.1417458951473236, "final_train_acc": 0.978320300579071, "final_val_acc": 0.99169921875, "step_val_acc_99": 2440}