{"final_train_loss": 0.02402847446501255, "final_val_loss": 0.023219075053930283, "final_train_acc": 1.0, "final_val_acc": 1.0, "step_val_acc_99": 5050}