{"final_train_loss": 0.005021987482905388, "final_val_loss": 0.016289759427309036, "final_train_acc": 1.0, "final_val_acc": 1.0, "step_val_acc_99": 7130}