{"x_div_y": {"means": {"final_train_loss_mean": 0.035810889365772404, "final_val_loss_mean": 0.023664253065362573, "final_train_acc_mean": 0.9977213541666666, "final_val_acc_mean": 0.999755859375, "step_val_acc_99_mean": 4143.333333333333}, "stderrs": {"final_train_loss_stderr": 0.01548319558684657, "final_val_loss_stderr": 0.009603348361683311, "final_train_acc_stderr": 0.001074163947114981, "final_val_acc_stderr": 0.00011508899433374798, "step_val_acc_99_stderr": 56.72110674711208}, "final_info_dict": {"final_train_loss": [0.0037246295250952244, 0.0022133090533316135, 0.10149472951889038], "final_val_loss": [0.00397837907075882, 0.0026141840498894453, 0.06440019607543945], "final_train_acc": [1.0, 1.0, 0.9931640625], "final_val_acc": [1.0, 1.0, 0.999267578125], "step_val_acc_99": [4100, 4370, 3960]}}, "x_minus_y": {"means": {"final_train_loss_mean": 0.015573369804769754, "final_val_loss_mean": 0.014958682159582773, "final_train_acc_mean": 1.0, "final_val_acc_mean": 1.0, "step_val_acc_99_mean": 4310.0}, "stderrs": {"final_train_loss_stderr": 0.0024341769576273226, "final_val_loss_stderr": 0.002236935675325652, "final_train_acc_stderr": 0.0, "final_val_acc_stderr": 0.0, "step_val_acc_99_stderr": 189.26759422104521}, "final_info_dict": {"final_train_loss": [0.016481364145874977, 0.02402847446501255, 0.006210270803421736], "final_val_loss": [0.014875315129756927, 0.023219075053930283, 0.0067816562950611115], "final_train_acc": [1.0, 1.0, 1.0], "final_val_acc": [1.0, 1.0, 1.0], "step_val_acc_99": [4210, 5050, 3670]}}, "x_plus_y": {"means": {"final_train_loss_mean": 0.8530276003293693, "final_val_loss_mean": 0.7878630505874753, "final_train_acc_mean": 0.8359375, "final_val_acc_mean": 0.847412109375, "step_val_acc_99_mean": 2376.6666666666665}, "stderrs": {"final_train_loss_stderr": 0.34255662556997274, "final_val_loss_stderr": 0.33702107375716434, "final_train_acc_stderr": 0.07229007617308629, "final_val_acc_stderr": 0.06998322548275147, "step_val_acc_99_stderr": 37.151674438445525}, "final_info_dict": {"final_train_loss": [0.005976493004709482, 2.2993123531341553, 0.25379395484924316], "final_val_loss": [0.006262077949941158, 2.215581178665161, 0.1417458951473236], "final_train_acc": [1.0, 0.529492199420929, 0.978320300579071], "final_val_acc": [1.0, 0.550537109375, 0.99169921875], "step_val_acc_99": [2220, 2470, 2440]}}, "permutation": {"means": {"final_train_loss_mean": 0.21964095967511335, "final_val_loss_mean": 5.334902461618185, "final_train_acc_mean": 0.9573567708333334, "final_val_acc_mean": 0.34033203125, "step_val_acc_99_mean": 7376.666666666667}, "stderrs": {"final_train_loss_stderr": 0.05078958228258126, "final_val_loss_stderr": 1.2539348739250278, "final_train_acc_stderr": 0.01005282735992426, "final_val_acc_stderr": 0.15548535912684805, "step_val_acc_99_stderr": 58.13989089756057}, "final_info_dict": {"final_train_loss": [0.3102658689022064, 0.34363502264022827, 0.005021987482905388], "final_val_loss": [8.099233627319336, 7.88918399810791, 0.016289759427309036], "final_train_acc": [0.936718761920929, 0.935351550579071, 1.0], "final_val_acc": [0.01123046875, 0.009765625, 1.0], "step_val_acc_99": [7500, 7500, 7130]}}}