{"final_train_loss": 0.016481364145874977, "final_val_loss": 0.014875315129756927, "final_train_acc": 1.0, "final_val_acc": 1.0, "step_val_acc_99": 4210}