{"final_train_loss": 0.005976493004709482, "final_val_loss": 0.006262077949941158, "final_train_acc": 1.0, "final_val_acc": 1.0, "step_val_acc_99": 2220}