{"final_train_loss": 0.3102658689022064, "final_val_loss": 8.099233627319336, "final_train_acc": 0.936718761920929, "final_val_acc": 0.01123046875, "step_val_acc_99": 7500}